Event,Search Source,Newspaper,Article Title,Duplicate,Report Date,Report Year,Article Text Search - water quality,Article Text Search - invasive species,Article Text Search - conservation,Article Text Search - drought,Article Text Search - flood,Article Text Search - ground water depletion,Article Text Search - depletion,Article Text Search - infrastructure,Article Text Search - fish passage,Article Text Search - instream water rights,Article Text Search - water rights,Article Text Search - intergovernmental,Article Text Search - water transfers,Article Text Search - navigation,Article Text Search - fish,Article Text Search - invasive,Article Text Search - diversion,Article Text Search - water diversion,Article Text Search - instream,Article Text Search - aquatic
122,USGS151-200.docx,"Journal, The (Cortez, Dolores, Mancos, CO)",Bennet and Romney raft Colorado River amid historic drought,FALSE,22-Sep-21,2021,1,0,0,7,0,0,0,1,0,0,0,0,0,0,0,0,0,0,0,0
125,USGS151-200.docx,"The Sun (Yuma, Arizona)",Water expert: Yuma's threat to its supply from within,FALSE,22-Mar-13,2013,0,0,2,1,0,0,0,0,0,0,6,0,1,0,0,0,0,0,0,0
132,USGS151-200.docx,"The Arizona Daily Sun (Flagstaff, AZ)",Contentious water bill withdrawn after threat to drought plan,FALSE,19-Feb-19,2019,0,0,0,5,0,0,0,0,0,0,5,0,0,0,0,0,0,0,0,0
134,USGS151-200.docx,Arizona Daily Star (Tucson),AZ to spend $30M in water plan,FALSE,25-Oct-21,2021,1,0,0,3,0,0,0,0,0,0,5,0,0,0,0,0,0,0,0,0
136,USGS151-200.docx,"Eastern Arizona Courier (Safford, Arizona)",Arizona hopes to buy water rights from tribes,FALSE,24-Oct-21,2021,1,0,0,3,0,0,0,0,0,0,4,0,0,0,0,0,0,0,0,0
140,USGS151-200.docx,Casa Grande Dispatch (AZ),House speaker withdraws his controversial water measure,FALSE,20-Feb-19,2019,0,0,0,5,0,0,0,0,0,0,5,0,0,0,0,0,0,0,0,0
162,USGS201-250.docx,Seattle Times (Washington),Green River levees slowly deteriorating,FALSE,8-Mar-06,2006,0,0,0,0,14,0,0,0,0,0,0,0,0,0,0,0,0,0,0,0
224,USGS251-300.docx,The Salt Lake Tribune (Utah),"Northern Utah's thirst: Bear river untapped, tempting: Waterway seems ripe for supplying urban areas, but river and wildlife advocates say: Not so fast",FALSE,26-Jul-08,2008,3,0,7,2,0,0,0,1,0,0,1,0,0,0,0,0,0,0,0,0
230,USGS251-300.docx,The Montrose Daily Press (Colorado),OUTDOORS: Getting to know your watershed,FALSE,4-Jun-21,NA,2,0,3,5,0,0,0,0,0,0,0,0,1,0,2,0,1,0,0,1
247,USGS251-300.docx,"The Explorer (Tucson, Arizona)",40 Million People Rely on the Colorado River. Its Drying Up Fast,TRUE,31-Aug-21,NA,1,0,0,5,0,0,0,2,0,0,4,0,0,0,0,0,0,0,0,0
249,USGS251-300.docx,"Desert Times (Tucson, Arizona)",40 Million People Rely on the Colorado River. Its Drying Up Fast,TRUE,NA,NA,1,0,0,5,0,0,0,2,0,0,4,0,0,0,0,0,0,0,0,0
250,USGS251-300.docx,Glasgow Daily Times (Kentucky),Officials assessing storm damage,FALSE,7-May-10,2010,0,0,0,0,9,0,0,1,0,0,0,0,0,0,0,0,0,0,0,0
269,USGS301-350.docx,The Arizona Republic (Phoenix),Navajo-Hopi water deal collapses,FALSE,24-Jul-12,2012,1,0,0,1,0,0,1,1,0,0,4,0,0,0,0,0,0,0,0,0
270,USGS301-350.docx,The Associated Press State & Local Wire,States have much at stake in proposed Colorado River guidelines,FALSE,9-May-07,2007,0,0,1,6,0,0,0,0,0,0,2,0,0,0,0,0,0,0,0,0
271,USGS301-350.docx,Deseret Morning News (Salt Lake City),"Research, recreation groups protest water rights for proposed nuke plant",FALSE,19-Nov-08,2008,0,0,2,0,0,0,0,0,0,0,5,0,0,0,0,0,0,0,0,0
272,USGS301-350.docx,The Durango Herald (Colorado),Animas River reopens after Gold King Mine fiasco; Health advisory issued for recreational users,FALSE,14-Aug-15,2015,2,0,1,0,0,0,0,0,0,0,0,0,0,0,2,0,0,0,0,0
273,USGS301-350.docx,The Arizona Daily Sun (Flagstaff),Little Colorado River fight hits home,FALSE,19-Feb-16,2016,1,0,0,0,0,0,0,0,0,0,8,0,0,0,0,0,0,0,0,0
274,USGS301-350.docx,Deseret Morning News (Salt Lake City),Colorado water pact crucial for Utah,FALSE,20-May-07,2007,0,0,1,6,0,0,0,0,0,0,2,0,0,0,0,0,0,0,0,0
275,USGS301-350.docx,The Montrose Daily Press (Colorado),A work in progress,FALSE,14-Aug-19,2019,4,0,4,3,0,0,0,0,0,0,3,0,0,0,0,0,1,0,0,0
276,USGS301-350.docx,Arizona Daily Star (Tucson),Water bailout? Colo. River tribes pose statewide leasing scenario,FALSE,24-Sep-17,2017,1,0,0,4,0,0,0,2,0,0,2,0,0,0,0,0,0,0,0,0
277,USGS301-350.docx,The Arizona Republic,"STORMY WEATHER;WET WINTER GIVES STATE SOME RELIEF; DESPITE STORMS, MOISTURE NOT ENOUGH YET TO END DROUGHT",FALSE,16-Feb-05,2005,1,0,2,9,0,0,0,0,0,0,0,0,0,0,0,0,0,0,0,0
278,USGS301-350.docx,Arizona Daily Star (Tucson),Ariz. pushes for law protecting its waterCalifornia could yield some of its CAP share in delivery slowdown,FALSE,24-Apr-16,2016,1,0,0,4,0,0,0,0,0,0,2,0,0,0,0,0,0,0,0,0
279,USGS301-350.docx,Arizona Daily Star (Tucson),"Now mostly barren, Colo. River Delta once teemed with life",FALSE,31-Mar-14,2014,0,0,0,2,6,0,0,0,0,0,0,0,0,0,4,0,0,0,0,0
280,USGS301-350.docx,"The Sun (Yuma, Arizona)",Greatest water quality improvement project in world,TRUE,3-Feb-20,2020,2,0,0,0,0,0,0,0,0,0,2,0,0,0,0,0,0,0,0,0
281,USGS301-350.docx,The Arizona Republic (Phoenix),"Vexed by spill, tribe enlistsstaractivist",TRUE,9-Sep-15,2015,2,0,1,0,0,0,0,0,0,0,0,0,0,0,0,0,0,0,0,0
282,USGS301-350.docx,The Arizona Republic (Phoenix),"Vexed by spill, tribe enlistsstaractivist",TRUE,9-Sep-15,2015,2,0,1,0,0,0,0,0,0,0,0,0,0,0,0,0,0,0,0,0
283,USGS301-350.docx,The Salt Lake Tribune,Grand Canyon flood: Dam release tapped power to build beaches,FALSE,17-Mar-08,2008,0,0,0,0,6,0,0,0,0,0,0,0,0,0,7,0,0,0,0,0
284,USGS301-350.docx,The Arizona Republic (Phoenix),Western states choose to be good neighbors,FALSE,18-Dec-07,2007,0,0,3,8,0,0,0,0,0,0,2,0,0,0,0,0,0,0,0,0
285,USGS301-350.docx,Albuquerque Journal: Blogs (New Mexico),Conflicts rise as water dwindles; Worsening drought sparks new battles over who has priority,FALSE,5-May-13,2013,0,0,0,10,0,0,0,0,0,0,10,0,0,0,0,0,0,0,0,0
286,USGS301-350.docx,Arizona Daily Star (Tucson),CAP tries to end multi-state feud over managing Colorado River,FALSE,2-May-18,2018,1,0,2,4,0,0,0,0,0,0,0,0,0,0,0,0,0,0,0,0
287,USGS301-350.docx,The Salt Lake Tribune,"Stifling drought to take its toll on Great Salt Lake, lawns, wildlife and why recent rains won't change that",FALSE,6-May-22,2022,1,0,2,9,0,0,0,0,0,0,0,0,0,0,0,0,0,0,0,0
288,USGS301-350.docx,The Montrose Daily Press (Colorado),Gunnison water users fear loss of resource,FALSE,23-Apr-07,2007,0,0,3,0,0,0,0,0,0,0,5,0,0,0,0,0,0,0,0,0
289,USGS301-350.docx,Arizona Daily Star (Tucson),Critics say desalinating seawater too costly,FALSE,23-Jan-22,2022,2,0,3,1,0,0,0,1,0,0,0,0,0,0,0,0,0,0,0,0
290,USGS301-350.docx,The Salt Lake Tribune,A plan for thirsty times,FALSE,23-Jun-07,2007,0,0,3,4,0,0,0,0,0,0,2,0,0,0,0,0,0,0,0,0
291,USGS301-350.docx,The Arizona Republic (Phoenix),Worth fighting for; Advocates for river try to balance competing interests,FALSE,22-Oct-18,2018,0,0,5,2,2,0,0,0,0,0,0,0,0,0,17,1,0,0,0,2
292,USGS301-350.docx,"Rio Blanco Herald Times (Meeker, Colorado)",Wildlife Commission beginswater plan reviews,FALSE,14-Apr-11,2011,1,0,4,0,0,0,0,0,0,0,4,0,0,0,5,0,1,0,0,4
293,USGS301-350.docx,The Salt Lake Tribune,How the pandemic exposed the water issues for southwestern tribes,FALSE,30-Apr-21,2021,0,0,0,5,0,0,0,0,0,0,0,0,0,0,0,0,0,0,0,0
294,USGS301-350.docx,"Journal, The (Cortez, Dolores, Mancos, CO)",Return of the native Colorado River cutthroat trout,FALSE,25-Jul-17,2017,1,2,1,0,0,0,0,0,0,0,0,0,0,0,17,2,0,0,0,8
295,USGS301-350.docx,Associated Press State & Local,Trial under way in long-running northern Arizona water case,FALSE,11-Oct-18,2018,1,0,2,2,0,0,0,1,0,0,6,0,0,0,0,0,0,0,0,0
296,USGS301-350.docx,Arizona Daily Star (Tucson),"Forecast: Plenty of drinking water will be available in Tucson despite drought in West; But if current drought conditions persist, 2022 may not turn out so well for Colorado River and CAP",FALSE,19-Aug-20,2020,1,0,1,6,0,0,0,0,0,0,0,0,0,0,0,0,0,0,0,0
297,USGS301-350.docx,The Arizona Republic (Phoenix),Water can't keep up with growth; Solutions used to support Valley's growth are starting to run dry,FALSE,23-Feb-20,2020,1,0,0,4,0,0,0,0,0,0,5,0,0,0,0,0,0,0,0,0
298,USGS301-350.docx,The Salt Lake Tribune (Utah),Agencies at odds on Great Salt Lake bird threat: Environment ? How much selenium is too much for lake birds?,FALSE,28-May-09,2009,3,0,2,0,0,0,0,0,0,0,0,0,0,0,7,0,0,0,0,0
299,USGS301-350.docx,The Arizona Republic (Phoenix),"Arizona water: This is a demand problem, not a supply problem",FALSE,11-Apr-15,2015,0,0,2,3,0,0,0,0,0,0,3,0,0,0,0,0,0,0,0,0
300,USGS301-350.docx,"Eastern Arizona Courier (Safford, Arizona)",Future of southern Arizona farming floats on water,FALSE,7-Jan-17,2017,0,0,1,3,1,0,0,0,0,0,5,0,0,0,0,0,0,0,0,0
301,USGS351-400.docx,Deseret Morning News (Salt Lake City),Lake may get new selenium standard,FALSE,16-May-08,2008,7,0,1,0,0,0,0,0,0,0,0,0,0,0,0,0,0,0,0,0
302,USGS351-400.docx,"Mohave Valley Daily News (Bullhead City, Arizona)",Keeping an eye on Lake Mead,FALSE,23-Jun-17,2017,0,0,5,5,0,0,0,0,0,0,3,0,0,0,0,0,0,0,0,0
303,USGS351-400.docx,Arizona Daily Star (Tucson),Study: Lake Powell could dry up in as few as 6 years ; Arizona would be affected if levels drop too low,FALSE,4-Sep-16,2016,0,0,3,10,0,0,0,0,0,0,2,0,0,0,0,0,0,0,0,0
304,USGS351-400.docx,Associated Press State & Local,Colorado mountain snow is bright spot during drought in West,TRUE,18-Feb-15,2015,0,0,0,7,0,0,0,0,0,0,0,0,0,0,0,0,0,0,0,0
305,USGS351-400.docx,The Gallup Independent (New Mexico),Pollack: More than promises needed for Navajo water rights settlement,FALSE,17-Jul-14,2014,0,0,0,0,0,0,0,0,0,0,11,0,0,0,0,0,0,0,0,0
306,USGS351-400.docx,The Arizona Republic (Phoenix),How can Arizona tackle its water woes?,FALSE,20-Dec-15,2015,1,0,2,5,0,0,0,0,0,0,0,0,0,0,0,0,0,0,0,0
307,USGS351-400.docx,The Associated Press,Colorado mountain snow is bright spot during drought in West,TRUE,18-Feb-15,2015,0,0,0,7,0,0,0,0,0,0,0,0,0,0,0,0,0,0,0,0
308,USGS351-400.docx,The Salt Lake Tribune,California district stalls West drought plan over lake money,FALSE,26-Feb-19,2019,0,0,0,10,0,0,0,1,0,0,3,0,0,0,0,0,0,0,0,0
309,USGS351-400.docx,The Montrose Daily Press (Colorado),"Western states buy time with drought plan, but face drier future",FALSE,17-Jul-19,2019,0,0,1,6,0,0,0,0,0,0,2,0,0,0,0,0,0,0,0,0
310,USGS351-400.docx,The Salt Lake Tribune,George Sibley Pumping up fear along the Colorado River,FALSE,26-Apr-21,2021,0,0,0,5,0,0,0,0,0,0,0,0,0,0,0,0,0,0,0,0
311,USGS351-400.docx,The Arizona Republic (Phoenix),"Showdown averted on contentious water bill; Measure is pulled, had threatened drought deal",TRUE,20-Feb-19,2019,0,0,1,17,0,0,0,0,0,0,7,0,0,0,0,0,0,0,0,0
312,USGS351-400.docx,The Arizona Republic (Phoenix),"sounding alarm on water crisis; Report says shortage is 'already real' at Mead, Powell",TRUE,7-Sep-18,2018,0,0,1,4,0,0,0,1,0,0,0,0,0,0,4,0,0,0,0,0
313,USGS351-400.docx,The Arizona Republic (Phoenix),"sounding alarm on water crisis; Report says shortage is 'already real' at Mead, Powell",TRUE,7-Sep-18,2018,0,0,1,4,0,0,0,1,0,0,0,0,0,0,4,0,0,0,0,0
314,USGS351-400.docx,The Arizona Republic (Phoenix),"Showdown averted on contentious water bill; Measure is pulled, had threatened drought deal",TRUE,20-Feb-19,2019,0,0,1,17,0,0,0,0,0,0,7,0,0,0,0,0,0,0,0,0
315,USGS351-400.docx,Craig Daily Press (Colorado),Popular ditch inventories remain private despite being publicly funded,TRUE,11-Feb-22,2022,1,0,29,0,0,0,0,6,1,0,13,0,0,0,2,0,5,0,0,0
316,USGS351-400.docx,The Salt Lake Tribune,Obscure mitigation commission produces big results,FALSE,22-Feb-12,2012,2,0,15,2,0,0,0,0,0,0,1,0,0,0,19,0,2,0,1,1
317,USGS351-400.docx,Deseret Morning News (Salt Lake City),West faces reckoning over Colorado River water but avoids cuts for now,FALSE,15-Aug-20,2020,0,0,3,6,0,0,0,0,0,0,2,0,0,0,0,0,0,0,0,0
318,USGS351-400.docx,The Arizona Republic (Phoenix),ARIZ. FIGHTS CHANGES IN COLO. RIVER PLAN,FALSE,4-Oct-07,2007,1,0,0,7,0,0,0,0,0,0,0,0,0,0,0,0,0,0,0,0
319,USGS351-400.docx,Vail Daily (Colorado),Popular ditch inventories remain private despite being publicly funded,TRUE,6-Feb-22,2022,1,0,29,0,0,0,0,6,1,0,13,0,0,0,2,0,5,0,0,0
320,USGS351-400.docx,The Salt Lake Tribune,What will happen if the Glen Canyon Dam stops generating power?,FALSE,30-May-22,2022,0,0,0,4,2,0,0,0,0,0,2,0,0,0,1,0,0,0,0,0
321,USGS351-400.docx,The Gallup Independent (New Mexico),MacDonald: Navajo Nation needs study on water use,FALSE,20-Jun-20,2020,0,0,0,0,0,0,0,1,0,0,7,0,0,0,0,0,1,0,0,0
322,USGS351-400.docx,Arizona Daily Star (Tucson),AZ urged to speed up reductions in Colorado River use,FALSE,5-Jan-20,2020,1,0,4,6,0,0,0,0,0,0,0,0,0,0,1,0,0,0,0,0
323,USGS351-400.docx,The Aspen Times (Colorado),Popular ditch inventories remain private despite being publicly funded,TRUE,6-Feb-22,2022,1,0,29,0,0,0,0,6,1,0,13,0,0,0,2,0,5,0,0,0
324,USGS351-400.docx,The Salt Lake Tribune,New front opens in the fight over the Lake Powell pipeline,FALSE,2-Jun-20,2020,1,0,1,3,0,0,0,0,0,0,4,0,0,0,0,0,1,0,0,0
325,USGS351-400.docx,Seattle Times (Washington),Green River Valley plans ahead for possible flooding,FALSE,9-Jul-09,2009,0,0,0,0,8,0,0,0,0,0,0,0,0,0,0,0,0,0,0,0
326,USGS351-400.docx,"Ag Journal (La Junta, Colorado)",Developers make play for San Luis Valley water,FALSE,5-Jul-19,2019,1,0,1,3,0,0,0,0,0,0,4,0,0,0,0,0,0,0,0,0
327,USGS351-400.docx,"The Sun (Yuma, Arizona)",Water delivery cutbacks unlikely next year,FALSE,20-Aug-16,2016,0,0,8,3,0,0,0,0,0,0,3,0,0,0,0,0,0,0,0,0
328,USGS351-400.docx,The Arizona Republic (Phoenix),Lake Mead at 54-year low,FALSE,12-Aug-10,2010,0,0,1,11,0,0,0,0,0,0,2,0,0,0,1,0,0,0,0,0
329,USGS351-400.docx,Deseret Morning News (Salt Lake City),Nuclear power plant in Utah? First step is securing water rights,FALSE,30-Oct-11,2011,0,0,0,0,0,0,0,1,0,0,5,0,0,0,1,0,4,0,0,0
330,USGS351-400.docx,The Cortez Journal (Colorado),Officials consider water rights,FALSE,11-Jun-09,2009,0,0,3,3,0,0,0,0,0,0,3,0,0,0,0,0,0,0,0,0
331,USGS351-400.docx,The Gallup Independent (New Mexico),Community discussion on reducing NGS emissions set for Aug. 15,FALSE,9-Aug-13,2013,0,0,2,0,0,0,0,0,0,0,5,0,0,0,0,0,0,0,0,0
332,USGS351-400.docx,The Salt Lake Tribune,U.S. West faces reckoning over water but avoids cuts for now,FALSE,14-Aug-20,2020,0,0,3,6,0,0,0,0,0,0,2,0,0,0,1,0,0,0,0,0
333,USGS351-400.docx,The Durango Herald (Colorado),"After years of drought, Colorado water bosses face uncertainty",FALSE,27-Aug-18,2018,1,0,7,6,0,0,0,0,0,0,3,0,0,0,2,0,1,0,0,0
334,USGS351-400.docx,Deseret Morning News (Salt Lake City),Great Salt Lake turning to dust?,FALSE,25-Feb-16,2016,1,0,0,3,0,0,0,0,0,0,0,0,0,0,0,0,2,0,0,0
335,USGS351-400.docx,Arizona Daily Star (Tucson),Problems with Colo. River water could trickle down to Tucsonans,FALSE,28-May-09,2009,2,0,1,0,0,0,0,0,0,0,0,0,0,0,0,2,0,0,0,0
336,USGS351-400.docx,The Arizona Republic (Phoenix),Tribal leaders seek attention on water and voting rights,FALSE,20-Jan-22,2022,0,0,1,2,0,0,0,0,0,0,0,0,0,0,0,0,0,0,0,0
337,USGS351-400.docx,Victoria Advocate (Texas),Water is essential to rice farming,FALSE,1-Oct-10,2010,0,0,2,7,1,0,0,0,0,0,0,0,0,0,0,0,1,0,0,0
338,USGS351-400.docx,Associated Press State & Local,"Plan to combat drought in West hinges on California, Arizona",TRUE,26-Feb-19,2019,0,0,2,10,0,0,0,1,0,0,4,0,0,0,0,0,0,0,0,0
339,USGS351-400.docx,The Arizona Republic (Phoenix),RIVALS COME TOGETHER ON DESALTER AMID WATER DEBATE,FALSE,28-Jan-07,2007,0,0,4,4,0,0,0,0,0,0,0,0,0,0,3,0,2,0,0,0
340,USGS351-400.docx,The Associated Press,"Plan to combat drought in West hinges on California, Arizona",TRUE,26-Feb-19,2019,0,0,1,10,0,0,0,1,0,0,4,0,0,0,0,0,0,0,0,0
341,USGS351-400.docx,"Ag Journal (La Junta, Colorado)","As the sun sets at the Colorado Farm Brewery, a light breeze",FALSE,5-Jul-19,2019,1,0,1,3,0,0,0,0,0,0,4,0,0,0,0,0,0,0,0,0
342,USGS351-400.docx,Deseret Morning News (Salt Lake City),States agree on plan to manage overtaxed Colorado River,FALSE,16-Oct-18,2018,0,0,0,7,0,0,0,0,0,0,2,0,0,0,0,0,0,0,0,0
343,USGS351-400.docx,The Arizona Republic (Phoenix),"U.S., Mexico strike new deal to manage usage, conservation of Colo. River water",FALSE,28-Sep-17,2017,0,0,4,3,0,0,0,1,0,0,0,0,0,0,0,0,0,0,0,0
344,USGS351-400.docx,The Salt Lake Tribune,Scientists find patterns in Utah's wet-dry cycles,FALSE,2-Nov-09,2009,0,0,3,4,1,0,0,0,0,0,0,0,0,0,0,0,0,0,0,0
345,USGS351-400.docx,The Salt Lake Tribune,Team of Wyoming researchers is retracing John Wesley Powells historic trip on the Green and Colorado rivers,FALSE,28-Aug-19,2019,0,0,1,5,0,0,0,0,0,0,0,0,0,0,0,0,0,0,0,0
346,USGS351-400.docx,Arizona Daily Star (Tucson),Farm water to city taps: It won't be cheap,FALSE,24-May-15,2015,1,0,4,2,2,0,0,0,0,0,4,0,1,0,0,0,0,0,0,0
347,USGS351-400.docx,The Arizona Republic (Phoenix),Cutbacks on the coast,TRUE,27-Sep-15,2015,1,0,4,8,0,0,0,0,0,0,2,0,0,0,0,0,0,0,0,0
348,USGS351-400.docx,The Arizona Republic (Phoenix),Cutbacks on the coast,TRUE,27-Sep-15,2015,1,0,4,8,0,0,0,0,0,0,2,0,0,0,0,0,0,0,0,0
349,USGS351-400.docx,Queen Creek Independent (Arizona),Less water causes struggle for Pinal County farmer; WATER,FALSE,1-Feb-22,2022,1,0,0,5,0,0,0,0,0,0,0,0,0,0,0,0,0,0,0,0
350,USGS351-400.docx,The Arizona Republic (Phoenix),Cutbacks on the coast,TRUE,27-Sep-15,2015,1,0,4,8,0,0,0,0,0,0,2,0,0,0,0,0,0,0,0,0
351,USGS401-450.docx,The Arizona Republic (Phoenix),CAP board signals support for drought plan,FALSE,8-Dec-18,2018,0,0,2,7,0,0,0,2,0,0,2,0,0,0,0,0,0,0,0,0
352,USGS401-450.docx,Silver City Daily Press & Independent (New Mexico),Landmark water agreement discussed,TRUE,3-Jun-19,2019,0,0,0,4,0,0,1,2,0,0,8,0,0,0,0,0,0,0,0,0
353,USGS401-450.docx,The Arizona Republic (Phoenix),Key players could decide fate of AZ water deal,TRUE,27-Jan-19,2019,0,0,2,19,0,0,0,4,0,0,3,0,0,0,0,0,0,0,0,0
354,USGS401-450.docx,Associated Press State & Local,Front Range water demands have far-reaching impacts,FALSE,21-Mar-21,2021,2,0,1,1,1,0,0,0,0,0,2,0,0,0,1,0,2,2,0,0
355,USGS401-450.docx,The Arizona Republic (Phoenix),Key players could decide fate of AZ water deal,TRUE,27-Jan-19,2019,0,0,2,19,0,0,0,4,0,0,3,0,0,0,0,0,0,0,0,0
356,USGS401-450.docx,The Durango Herald (Colorado),Gold King Mine spill: How we can all become better citizen-scientists,FALSE,6-Aug-16,2016,7,0,0,0,0,0,0,0,0,0,0,0,0,0,0,0,0,0,0,0
357,USGS401-450.docx,Salt Lake Tribune (Utah),"Colorado River states agree on principles of managing waterway; Disagreements remain: Should Arizona be allowed to tap the Gila, and Nevada, the Virgin?",FALSE,31-Aug-05,2005,1,2,0,2,0,0,0,0,0,0,0,0,0,0,0,2,0,0,0,0
358,USGS401-450.docx,The Salt Lake Tribune,"Are Lake Mead, Powell at risk of drying up by 2021?",FALSE,14-Feb-08,2008,0,0,0,5,0,0,0,0,0,0,3,0,0,0,0,0,0,0,0,0
359,USGS401-450.docx,The Arizona Republic (Phoenix),"Lack of snow means low Colorado runoff this year, experts say",FALSE,6-Apr-18,2018,0,0,4,6,0,0,0,0,0,0,2,0,0,0,0,0,0,0,0,0
360,USGS401-450.docx,Arizona Daily Star (Tucson),2 agencies slugging it out for management of Arizona's water,FALSE,29-Oct-17,2017,1,0,6,4,0,0,0,0,0,0,0,0,0,0,0,0,0,0,0,0
361,USGS401-450.docx,"Navajo Times (Window Rock, Arizona)",'Islands' resurfacing as Lake Powell nears critical level,FALSE,3-Mar-22,2022,0,0,0,8,0,0,0,0,0,0,0,0,0,0,0,0,0,0,0,0
362,USGS401-450.docx,The Durango Herald (Colorado),New dimension makes water decisions challenging in Colorado; 1922 agreement could be tested with new projects,FALSE,12-Dec-07,2007,0,0,3,2,0,0,0,0,0,0,7,0,0,0,0,0,0,0,0,0
363,USGS401-450.docx,The Arizona Republic (Phoenix),ARIZONA JOINS FIGHT OVER REPAIR OF CANAL,FALSE,17-Oct-05,2005,1,0,2,3,0,0,0,0,0,0,0,0,0,0,0,0,0,0,0,0
364,USGS401-450.docx,Arizona Daily Star (Tucson),Risk of water shortage at Lake Mead called more than 50% likely by 2020,FALSE,10-May-18,2018,1,0,1,9,0,0,0,0,0,0,0,0,0,0,0,0,0,0,0,0
365,USGS401-450.docx,Arizona Daily Star (Tucson),"Mohave County fighting CAP proposalto buy, move water to Tucson, Phoenix",FALSE,6-Oct-17,2017,0,0,0,0,0,0,0,1,0,0,7,0,1,0,0,0,0,0,0,0
366,USGS401-450.docx,Farmington Daily Times (New Mexico),"Top 10 stories from the decade; Energy, environment dominated local news in the 2010s",TRUE,1-Jan-20,2020,2,0,1,2,2,0,0,1,0,0,0,0,0,0,0,0,0,0,0,0
367,USGS401-450.docx,Farmington Daily Times (New Mexico),"Top 10 stories from the decade; Energy, environment dominated local news in the 2010s",TRUE,28-Dec-19,2019,2,0,1,2,2,0,0,1,0,0,0,0,0,0,0,0,0,0,0,0
368,USGS401-450.docx,The Arizona Republic (Phoenix),"Questions unresolved in state drought plan; As deadline nears, lawmakers prepare to take up river plan",TRUE,12-Jan-19,2019,1,0,2,8,0,0,0,3,0,0,2,0,0,0,0,0,0,0,0,0
369,USGS401-450.docx,The Sahuarita Sun (Arizona),EDITORIAL: Marking 50 years of CAP,FALSE,3-Oct-18,2018,2,0,2,9,1,0,0,0,0,0,0,0,0,0,0,0,0,0,0,0
370,USGS401-450.docx,Green Valley News & Sun (Arizona),EDITORIAL: Were celebrating 50 years of CAP,FALSE,3-Oct-18,2018,2,0,2,9,1,0,0,0,0,0,0,0,0,0,0,0,0,0,0,0
371,USGS401-450.docx,Roswell Daily Record (New Mexico),Water commission starts use of PV wells,FALSE,7-Nov-20,2020,1,0,0,6,0,0,1,0,0,0,4,0,0,0,0,0,0,0,0,0
372,USGS401-450.docx,Silver City Daily Press & Independent (New Mexico),Gila Wild and Scenic bill reintroduced in D.C. Sen. Heinrich: Colorado River crisis underlines urgent need to protect Gila,FALSE,3-Nov-21,2021,0,0,7,0,0,0,0,0,0,0,5,0,0,0,1,0,2,0,0,0
373,USGS401-450.docx,The Salt Lake Tribune,Western states near deadline for Colorado River drought plan,TRUE,28-Jan-19,2019,0,0,1,15,0,0,0,2,0,0,3,0,0,0,0,0,0,0,0,0
374,USGS401-450.docx,"Rio Blanco Herald Times (Meeker, Colorado)",Proclamation prompts commissioners to protest,FALSE,3-Jan-13,2013,4,0,3,0,0,0,0,0,0,0,5,0,0,0,0,0,0,0,0,0
375,USGS401-450.docx,Casa Grande Dispatch (AZ),Cook finds new panel to approve $20M bill; PINAL WATER,FALSE,13-Mar-19,2019,0,0,2,7,0,0,0,1,0,0,2,0,0,0,0,0,0,0,0,0
376,USGS401-450.docx,Inside Tucson Business (Arizona),The four stages of drought - and why your business should do the math,FALSE,20-Sep-13,2013,1,0,4,21,0,0,0,0,0,0,0,0,0,0,0,0,0,0,0,0
377,USGS401-450.docx,Arizona Daily Star (Tucson),AZ hopes to import water in event of a crisis,FALSE,30-May-21,2021,2,0,4,5,2,0,0,2,0,0,1,0,0,0,0,0,0,0,0,0
378,USGS401-450.docx,The Salt Lake Tribune,"Lake Mead could be dry by 2021, researchers say",FALSE,13-Feb-08,2008,0,0,0,5,0,0,0,0,0,0,3,0,0,0,0,0,0,0,0,0
379,USGS401-450.docx,The Santa Fe New Mexican (New Mexico),FINDING,FALSE,16-Jan-07,2007,0,0,0,1,0,0,0,0,0,0,18,0,0,0,0,0,1,0,0,0
380,USGS401-450.docx,Arizona Daily Star (Tucson),"Feds' water plan props up Powell, hurts Mead",FALSE,17-Apr-22,2022,1,0,1,6,0,0,0,3,0,0,0,0,0,0,0,0,0,0,0,0
381,USGS401-450.docx,"The Sun (Yuma, Arizona)",The ebb and flow: California funds improvements to restore water quality of Salton Sea,FALSE,8-Aug-20,2020,2,0,0,0,0,0,0,0,0,0,2,0,0,0,4,0,0,0,0,0
382,USGS401-450.docx,The Gallup Independent (New Mexico),Navajo-Gallup water delay spurs problem-solving in arid Southwest,FALSE,12-May-21,2021,0,0,0,0,0,0,0,1,0,0,2,0,0,0,0,0,0,0,0,0
383,USGS401-450.docx,The Arizona Republic (Phoenix),Legislative priorities: Tackle water in 2016,FALSE,3-Jan-16,2016,1,0,0,2,0,0,0,0,0,0,4,0,0,0,0,0,0,0,0,0
384,USGS401-450.docx,"The Explorer (Tucson, Arizona)",Borrowing from the future: What an emerging megadrought means for the Southwest,TRUE,28-Apr-20,2020,0,0,1,10,0,0,0,0,0,0,0,0,0,0,0,0,0,0,0,0
385,USGS401-450.docx,Casa Grande Dispatch (AZ),What emerging megadrought means for Ariz.,FALSE,5-May-20,2020,0,0,1,10,0,0,0,0,0,0,0,0,0,0,0,0,0,0,0,0
386,USGS401-450.docx,The Associated Press,Some drought-imposed fishing limits lifted on Colorado River,TRUE,20-Jul-21,2021,0,0,1,3,0,0,0,0,0,0,0,0,0,0,6,0,1,0,0,1
387,USGS401-450.docx,The Durango Herald (Colorado),Western states near deadline for Colorado River drought plan,TRUE,28-Jan-19,2019,0,0,1,15,0,0,0,2,0,0,3,0,0,0,0,0,0,0,0,0
388,USGS401-450.docx,Arizona Daily Star (Tucson),Humans make decades-long megadrought in Southwest one of the worst ever,FALSE,30-Apr-20,2020,0,0,1,9,0,0,0,0,0,0,0,0,0,0,0,0,0,0,0,0
389,USGS401-450.docx,The Associated Press State & Local Wire,"Big ideas, little hope in ideas to boost Vegas-area water supply",FALSE,12-Apr-08,2008,1,0,0,3,0,0,0,0,0,0,1,0,0,0,0,0,1,0,0,0
390,USGS401-450.docx,Associated Press State & Local,Some drought-imposed fishing limits lifted on Colorado River,TRUE,20-Jul-21,2021,0,0,1,3,0,0,0,0,0,0,0,0,0,0,6,0,1,0,0,1
391,USGS401-450.docx,The Salt Lake Tribune,Glen Canyon Dam: 50 years of controversy,FALSE,30-May-07,2007,0,0,1,0,1,0,0,0,0,0,0,0,0,0,0,0,0,0,0,0
392,USGS401-450.docx,Peoria Independent (Arizona),City navigates toward uncertain water future; One certainty: Water costs will go up,FALSE,12-Jan-22,2022,1,0,7,3,0,0,0,1,0,0,0,0,0,0,0,0,0,0,0,0
393,USGS401-450.docx,The Arizona Republic (Phoenix),Facing down drought: We're in it together,FALSE,1-Mar-15,2015,0,0,2,7,0,0,0,0,0,0,0,0,0,0,0,0,0,0,0,0
394,USGS401-450.docx,"Ag Journal (La Junta, Colorado)","As water levels fall, collaborative partnerships rise",FALSE,17-Dec-21,2021,0,0,3,2,1,0,0,0,0,0,0,0,0,0,0,0,0,0,0,0
395,USGS401-450.docx,The Arizona Republic (Phoenix),"At shrinking Lake Mead, Harris touts Biden's plan; Backdrop underscores vice president's remarks about the urgency of the fight against climate change and the importance of water",FALSE,19-Oct-21,2021,1,0,2,6,0,0,0,7,0,0,0,0,0,0,0,0,0,0,0,0
396,USGS401-450.docx,The Arizona Republic (Phoenix),Candidates seek to guide groundwater group's governance,FALSE,30-Oct-16,2016,1,0,6,4,0,0,0,0,0,0,1,0,0,0,0,0,0,0,0,0
397,USGS401-450.docx,The Salt Lake Tribune,History hints at vast dry spells to come,FALSE,22-Feb-07,2007,1,0,3,5,0,0,0,0,0,0,0,0,0,0,0,0,0,0,0,0
398,USGS401-450.docx,The Arizona Republic (Phoenix),FLOWING INTO AN UNCERTAIN FUTURE,FALSE,13-Oct-13,2013,0,0,1,4,0,0,0,0,0,0,0,0,0,0,4,0,0,0,0,1
399,USGS401-450.docx,Arizona Daily Star (Tucson),Tucson not joining Colorado River cuts,FALSE,17-Dec-21,2021,1,0,4,5,0,0,0,0,0,0,2,0,0,0,0,0,0,0,0,0
400,USGS401-450.docx,Deseret Morning News (Salt Lake City),Appellate court upholds water rights diversion for planned nuclear power plant,FALSE,22-Jul-16,2016,0,0,0,0,0,0,0,0,0,0,5,0,0,0,2,0,3,0,0,0
401,USGS451-500.docx,The Arizona Republic (Phoenix),"Scientists see new risks in 'hot drought'; Warming may be primary driver behind much of the Colorado River's decline, researchers say",TRUE,19-Sep-18,2018,0,0,0,12,0,0,0,0,0,0,0,0,0,0,0,0,0,0,0,0
402,USGS451-500.docx,The Arizona Republic (Phoenix),Unnatural resource: The Grand Canyon's twisted ecology defines a tamed river's challenges,TRUE,21-Oct-18,2018,0,0,0,2,0,0,0,0,0,0,2,0,0,0,27,0,0,0,0,2
403,USGS451-500.docx,The Cortez Journal (Colorado),"Colorado compact; Drought, demand test historic water-use agreement",FALSE,1-Jan-08,2008,0,0,3,4,0,0,0,0,0,0,8,0,0,0,0,0,0,0,0,0
404,USGS451-500.docx,The Salt Lake Tribune,Teen growing up without exiled parents,FALSE,23-Dec-08,2008,0,0,0,0,0,0,0,0,0,0,0,0,0,0,0,0,0,0,0,0
405,USGS451-500.docx,The Arizona Republic (Phoenix),Unnatural resource: The Grand Canyon's twisted ecology defines a tamed river's challenges,TRUE,21-Oct-18,2018,0,0,0,2,0,0,0,0,0,0,2,0,0,0,27,0,0,0,0,2
406,USGS451-500.docx,The San Diego Union-Tribune (California),"Lined canal ends seepage, saving water",FALSE,3-May-09,2009,0,0,3,0,0,0,0,0,0,0,2,0,0,0,0,0,0,0,0,0
407,USGS451-500.docx,The Gallup Independent (New Mexico),Navajo Nation victory in Colorado River water rights claim,FALSE,18-Dec-17,2017,0,0,0,2,0,0,0,0,0,0,5,0,0,0,0,0,0,0,0,0
408,USGS451-500.docx,Arizona Daily Star (Tucson),Where will Colorado River water savings come from?,FALSE,24-Oct-21,2021,1,0,10,9,1,0,0,1,0,0,4,0,0,0,0,0,0,0,0,0
409,USGS451-500.docx,The Arizona Republic (Phoenix),"Water crisis solutions will be costly, leaders warn; Colorado River drought 'may be the new normal,' one official says",FALSE,16-May-22,2022,1,0,3,2,0,0,1,0,0,0,0,0,0,0,0,0,0,0,0,0
410,USGS451-500.docx,"Mohave Valley Daily News (Bullhead City, Arizona)","Past, present, future all represented in 2018's top headlines",FALSE,31-Dec-18,2018,0,0,2,0,0,0,0,0,0,0,5,0,0,0,0,0,0,0,0,0
411,USGS451-500.docx,The Associated Press State & Local Wire,Colorado River rapid rises as Lake Mead shrinks,FALSE,9-May-09,2009,0,0,0,4,0,0,0,0,0,0,0,0,0,0,0,0,0,0,0,0
412,USGS451-500.docx,Deseret Morning News (Salt Lake City),Nevada taps Lake Mead and hunts for 'Utah' water,FALSE,14-May-12,2012,1,0,3,4,0,0,0,0,0,0,0,0,0,0,0,0,0,0,0,0
413,USGS451-500.docx,The Arizona Republic (Phoenix),"Slow to tee up water savings; Some Arizona golf courses oppose state's plan to reduce use of dwindling water supply, say their businesses would be harmed",FALSE,20-Jun-21,2021,2,0,9,3,0,0,0,0,0,0,2,0,0,0,0,0,0,0,0,0
414,USGS451-500.docx,Queen Creek Independent (Arizona),PRICE OF PRECIPITATION; As region grows EV leaders prepare for fewer acre-feet of Colorado River allocations,FALSE,1-Nov-18,2018,0,0,0,5,2,0,0,0,0,0,0,0,0,0,0,0,0,0,0,0
415,USGS451-500.docx,The Salt Lake Tribune,Study expected to lead to new insights about Great Salt Lake wetlands,FALSE,23-Dec-10,2010,6,0,5,0,0,0,0,0,0,0,0,0,0,0,1,0,0,0,0,0
416,USGS451-500.docx,The Salt Lake Tribune,Waste water: What caused Utah's massive toxic algae problem?,FALSE,6-Sep-16,2016,8,1,0,0,0,0,0,0,0,0,0,0,0,0,0,1,0,0,0,0
417,USGS451-500.docx,Associated Press State & Local,The Latest: EPA head to visit New Mexico to address spill,TRUE,13-Aug-15,2015,2,0,1,0,1,0,0,0,0,0,0,0,0,0,4,0,0,0,0,0
418,USGS451-500.docx,The Arizona Republic (Phoenix),"With dam operations in question, flood may help REVIVE A RIVER",FALSE,25-Feb-08,2008,0,0,0,0,8,0,0,0,0,0,0,0,0,0,21,0,0,0,0,0
419,USGS451-500.docx,The Durango Herald (Colorado),"Steve Fearn, co-founder of Animas River Stakeholders Group, dies at 74",FALSE,23-Apr-18,2018,5,0,4,0,0,0,0,0,0,0,0,0,0,0,0,0,0,0,0,1
420,USGS451-500.docx,The Associated Press,The Latest: EPA head to visit New Mexico to address spill,TRUE,13-Aug-15,2015,2,0,1,0,1,0,0,0,0,0,0,0,0,0,4,0,0,0,0,0
421,USGS451-500.docx,Apache Junction-Gold Canyon Independent (Arizona),WATER for the FUTURE; Regional Water Recharge Project partners seeking Apache Junction site,FALSE,31-Oct-18,2018,0,0,0,4,2,0,0,0,0,0,0,0,0,0,0,0,0,0,0,0
422,USGS451-500.docx,"Journal, The (Cortez, Dolores, Mancos, CO)",Animas River Stakeholders disband after 25 years of cleanups; Stakeholders worked to improve water quality for 25 years,FALSE,29-Aug-19,2019,6,0,1,0,0,0,0,0,0,0,0,0,0,0,1,0,0,0,0,0
423,USGS451-500.docx,Associated Press State & Local,Arizona lawmakers debate Colorado River drought plan,FALSE,30-Jan-19,2019,1,0,2,11,0,0,0,1,0,0,4,0,0,0,0,0,0,0,0,0
424,USGS451-500.docx,Sierra Vista Herald (Arizona),Arizona water outlook not as dire as neighboring California,FALSE,7-Jun-15,2015,1,0,6,5,0,0,0,0,0,0,3,0,0,0,0,0,0,0,0,0
425,USGS451-500.docx,The Arizona Republic (Phoenix),Time to get creative,TRUE,1-Nov-15,2015,2,0,5,3,1,0,0,0,0,0,1,0,0,0,0,0,0,0,0,0
426,USGS451-500.docx,The Santa Fe New Mexican (New Mexico),Study: Groundwater in Colorado River Basin disappears at shocking rate,FALSE,25-Jul-14,2014,1,0,0,6,0,0,3,0,0,0,0,0,0,0,0,0,0,0,0,0
427,USGS451-500.docx,The Arizona Republic (Phoenix),Time to get creative,TRUE,1-Nov-15,2015,2,0,5,3,1,0,0,0,0,0,1,0,0,0,0,0,0,0,0,0
428,USGS451-500.docx,The Salt Lake Tribune,Commentary Partnerships key to protecting our best wild places,FALSE,30-May-19,2019,2,0,11,3,0,0,0,0,0,0,0,0,0,0,1,0,0,0,0,0
429,USGS451-500.docx,"The Sun (Yuma, Arizona)",Report: Cienega unchanged after desalting plant pilot run,FALSE,27-Jun-12,2012,4,0,1,0,0,0,0,0,0,0,2,0,0,0,0,0,0,0,0,0
430,USGS451-500.docx,The Arizona Republic (Phoenix),Time to get creative,TRUE,1-Nov-15,2015,2,0,5,3,1,0,0,0,0,0,1,0,0,0,0,0,0,0,0,0
431,USGS451-500.docx,The Durango Herald (Colorado),"Battered in recent years, the Animas has bounced back before",FALSE,4-Aug-18,2018,3,0,0,2,0,0,0,0,0,0,0,0,0,0,20,0,0,0,0,10
432,USGS451-500.docx,"The Sun (Yuma, Arizona)",Report reveals cienega unchanged after pilot run of Yuma Desalting Plant,FALSE,27-Jun-12,2012,4,0,1,0,0,0,0,0,0,0,2,0,0,0,0,0,0,0,0,0
433,USGS451-500.docx,The Arizona Republic (Phoenix),LAWSUIT TARGETS ARIZ. DAM;SAYS NATIVE FISH NEAR EXTINCTION,FALSE,17-Feb-06,2006,0,0,3,2,0,0,0,0,0,0,0,0,0,0,10,0,0,0,0,0
434,USGS451-500.docx,"The Sun (Yuma, Arizona)",Counting every drop: Study looks at water usage in Yuma agriculture,FALSE,28-Jun-15,2015,1,0,0,0,1,0,0,2,0,0,5,0,0,0,0,0,0,0,0,0
435,USGS451-500.docx,Arizona Daily Star (Tucson),Colorado River outlook darkens dramatically in recent study,FALSE,8-Feb-21,2021,0,0,1,3,0,0,0,0,0,0,2,0,0,0,0,0,0,0,0,0
436,USGS451-500.docx,The Arizona Republic (Phoenix),Climate change is adding to drought's already wide-ranging role in declining water flows along the Colorado River,FALSE,23-Feb-17,2017,0,0,0,4,0,0,0,0,0,0,0,0,0,0,0,0,0,0,0,0
437,USGS451-500.docx,"Navajo Times (Window Rock, Arizona)","States, feds weigh next steps amid 'profound concerns' over dam levels",FALSE,28-Apr-22,2022,1,0,0,4,0,0,0,0,0,0,2,0,0,0,0,0,0,0,0,0
438,USGS451-500.docx,Arizona Daily Star (Tucson),City expectsit can ride out any deep CAP cuts; climate is a wild card,FALSE,21-Mar-21,2021,3,0,2,4,1,0,0,2,0,0,0,0,0,0,0,0,0,0,0,0
439,USGS451-500.docx,Arizona Daily Star (Tucson),Water leases at root of Colorado River tribes' recall,FALSE,22-Apr-18,2018,1,0,0,2,3,0,0,1,0,0,5,0,0,0,2,0,0,0,0,0
440,USGS451-500.docx,Associated Press State & Local,California agencies at odds over Colorado River drought plan,TRUE,12-Mar-19,2019,0,0,2,10,0,0,0,0,0,0,2,0,0,0,0,0,0,0,0,0
441,USGS451-500.docx,The Durango Herald (Colorado),EPA chief confirms Animas is recovering; Calls for halt to mine cleanup across country,FALSE,12-Aug-15,2015,4,0,1,0,0,0,0,0,0,0,0,0,0,0,0,0,0,0,0,0
442,USGS451-500.docx,The Associated Press,California agencies at odds over Colorado River drought plan,TRUE,12-Mar-19,2019,0,0,2,10,0,0,0,0,0,0,2,0,0,0,0,0,0,0,0,0
443,USGS451-500.docx,Deseret Morning News (Salt Lake City),"Drought turns tide between Powell, Mead reservoirs",FALSE,11-Dec-10,2010,0,0,1,4,0,0,0,0,0,0,0,0,0,0,0,0,0,0,0,0
444,USGS451-500.docx,The Salt Lake Tribune,Arizona lawmakers will debate a Colorado River drought plan ahead of deadline,FALSE,31-Jan-19,2019,0,0,0,6,0,0,0,1,0,0,2,0,0,0,0,0,0,0,0,0
445,USGS451-500.docx,The Arizona Republic (Phoenix),"Bruce Babbitt is still at work; He played a central role in some of the country's biggest environmental decisions, took down dams, freed wolves and preserved wildlands",FALSE,18-Aug-19,2019,0,0,5,3,0,0,0,0,0,0,0,0,0,0,0,0,0,0,0,0
446,USGS451-500.docx,Deseret Morning News (Salt Lake City),Commission offers $1.8M to leave Colorado River untouched,FALSE,7-Oct-16,2016,1,0,3,7,0,0,0,0,0,0,4,0,0,0,0,0,0,0,1,0
447,USGS451-500.docx,Seattle Times (Washington),"Bigger floodplain, bigger worries",FALSE,29-Nov-07,2007,0,0,0,0,15,0,0,1,0,0,0,0,0,0,0,0,0,0,0,0
448,USGS451-500.docx,Arizona Daily Star (Tucson),CAP pushes new drought proposal for Lake Mead protection,FALSE,19-Nov-18,2018,0,0,1,14,0,0,0,1,0,0,5,0,0,0,0,0,0,0,0,0
449,USGS451-500.docx,The Arizona Republic (Phoenix),States to sign drought plan for Colorado River today,TRUE,20-May-19,2019,0,0,4,10,0,0,0,1,0,0,0,0,0,0,0,0,0,0,0,0
450,USGS451-500.docx,The Salt Lake Tribune,"90% of northern Utahs dust comes from shrinking lakes, BYU study finds",FALSE,13-Dec-19,2019,0,0,1,3,0,0,0,0,0,0,0,0,0,0,1,0,0,0,0,0
451,USGS501-550.docx,"The Sun (Yuma, Arizona)","Healing the river: Quechan, Yumans reconnect with the Colorado",FALSE,28-Jan-18,2018,0,0,0,0,0,0,0,0,0,0,0,0,0,0,0,0,0,0,0,0
452,USGS501-550.docx,The Arizona Republic (Phoenix),Grand Canyon flood fattened up the fish; But food sources may dwindle later on,FALSE,19-Nov-18,2018,0,0,0,0,14,0,0,0,0,0,0,0,0,0,27,0,0,0,0,2
453,USGS501-550.docx,The Arizona Republic (Phoenix),States to sign drought plan for Colorado River today,TRUE,20-May-19,2019,0,0,4,10,0,0,0,1,0,0,0,0,0,0,0,0,0,0,0,0
454,USGS501-550.docx,The Arizona Republic (Phoenix),"An insecure supply; A lack of water will shape the future of central Arizona, especially Maricopa and Pinal counties",FALSE,27-Feb-20,2020,1,0,0,1,0,0,0,3,0,0,3,0,0,0,0,0,0,0,0,0
455,USGS501-550.docx,Associated Press State & Local,Major Colorado River water user floats Arizona drought plan,FALSE,16-Nov-18,2018,0,0,1,8,0,0,0,0,0,0,0,0,0,0,0,0,0,0,0,0
456,USGS501-550.docx,"The Sun (Yuma, Arizona)","Group: Lower Colorado River ""most endangered""",FALSE,11-Apr-17,2017,1,0,0,11,0,0,0,0,0,0,3,0,0,0,0,0,0,0,0,0
457,USGS501-550.docx,The Salt Lake Tribune,Arizona starts talks on addressing dwindling Colorado River,TRUE,26-Jun-20,2020,1,0,2,6,0,0,0,0,0,0,1,0,0,0,0,0,0,0,0,0
458,USGS501-550.docx,La Junta Tribune-Democrat (Colorado),Legal Notices,FALSE,12-Mar-12,2012,0,0,0,0,0,0,0,0,0,0,10,2,0,0,1,0,7,0,0,0
459,USGS501-550.docx,Associated Press State & Local,Arizona starts talks on addressing dwindling Colorado River,TRUE,25-Jun-20,2020,1,0,4,6,0,0,0,0,0,0,1,0,0,0,0,0,0,0,0,0
460,USGS501-550.docx,The Arizona Republic (Phoenix),"'Everything is drying up'; As natural springs on Hopi land decline, a sacred connection to water is threatened",FALSE,13-Dec-20,2020,1,0,0,2,0,0,0,2,0,0,0,0,0,0,0,1,0,0,0,0
461,USGS501-550.docx,The Salt Lake Tribune,"Lake Powell could become a dead pool as climate change, political wars and unabated growth drain its waters",FALSE,20-Jan-19,2019,0,0,2,4,0,0,0,0,0,0,2,0,0,0,0,1,0,0,0,0
462,USGS501-550.docx,Associated Press State & Local,US says 2 states must finish Colorado River drought plan,TRUE,2-Feb-19,2019,0,0,3,9,0,0,0,0,0,0,2,0,0,0,0,0,0,0,0,0
463,USGS501-550.docx,The Associated Press State & Local Wire,Editorial Sampler,FALSE,13-Aug-07,2007,0,0,1,0,0,0,0,0,0,0,2,0,0,0,3,0,0,0,0,0
464,USGS501-550.docx,The Associated Press,US says 2 states must finish Colorado River drought plan,TRUE,2-Feb-19,2019,0,0,3,9,0,0,0,0,0,0,2,0,0,0,0,0,0,0,0,0
465,USGS501-550.docx,The Arizona Republic (Phoenix),"Scientists see new risks in 'hot drought'; Warming may be primary driver behind much of the Colorado River's decline, researchers say",TRUE,19-Sep-18,2018,0,0,0,11,0,0,0,0,0,0,0,0,0,0,0,0,0,0,0,0
466,USGS501-550.docx,The Arizona Republic (Phoenix),Could sEAwater be the answer?,TRUE,31-Oct-15,2015,1,0,3,5,0,0,0,0,0,0,0,0,0,0,1,0,0,0,0,0
467,USGS501-550.docx,Arizona Daily Star (Tucson),Colo. River water deficit constantly increasing,FALSE,9-May-22,2022,0,0,5,9,0,0,0,0,0,0,0,0,0,0,0,0,0,0,0,0
468,USGS501-550.docx,The Arizona Republic (Phoenix),Could sEAwater be the answer?,TRUE,31-Oct-15,2015,1,0,3,5,0,0,0,0,0,0,0,0,0,0,1,0,0,0,0,0
469,USGS501-550.docx,Deseret Morning News (Salt Lake City),Utah among states under Jan. 31 deadline to get drought deal,FALSE,14-Dec-18,2018,1,0,2,2,0,0,0,0,0,0,2,0,0,0,0,0,0,0,0,0
470,USGS501-550.docx,Arizona Daily Star (Tucson),Test run on water plant a success,FALSE,28-Jun-12,2012,1,0,0,4,0,0,0,0,0,0,0,0,0,0,0,0,0,0,0,0
471,USGS501-550.docx,The Salt Lake Tribune,"Utah, other Southwestern U.S. states get Jan. 31 deadline for drought deal",FALSE,14-Dec-18,2018,1,0,2,2,0,0,0,0,0,0,2,0,0,0,0,0,0,0,0,0
472,USGS501-550.docx,The Arizona Republic (Phoenix),"FOR SOME, AN END TO 'LAKE FOUL' NOT HARD TO IMAGINE",FALSE,15-Oct-13,2013,0,0,1,6,1,0,0,0,0,0,0,0,0,0,0,0,0,0,0,0
473,USGS501-550.docx,Associated Press State & Local,Southwestern US states get Jan. 31 deadline for drought deal,TRUE,13-Dec-18,2018,1,0,4,2,0,0,0,0,0,0,2,0,0,0,0,0,0,0,0,0
474,USGS501-550.docx,The Associated Press,Southwestern US states get Jan. 31 deadline for drought deal,TRUE,13-Dec-18,2018,1,0,4,2,0,0,0,0,0,0,2,0,0,0,0,0,0,0,0,0
475,USGS501-550.docx,"Journal, The (Cortez, Dolores, Mancos, CO)",One tribal nation could decide the fate of Arizona's drought plan,FALSE,29-Jan-19,2019,0,0,0,10,0,0,0,0,0,0,6,0,0,0,0,0,0,0,0,0
476,USGS501-550.docx,Associated Press State & Local,US official airs 'myths' on Colorado River water,FALSE,29-Aug-14,2014,0,0,1,4,0,0,0,0,0,0,4,0,0,0,0,0,0,0,0,0
477,USGS501-550.docx,Deseret Morning News (Salt Lake City),Officials testing mine sludge in San Juan River,FALSE,11-Aug-15,2015,4,0,1,0,0,0,0,0,0,0,0,0,0,0,0,0,0,0,0,0
478,USGS501-550.docx,The Arizona Republic (Phoenix),Bird-themed beer raises awareness of drought issues,FALSE,20-Aug-18,2018,0,0,6,4,0,0,0,0,0,0,0,0,0,0,1,0,0,0,0,0
479,USGS501-550.docx,The Arizona Republic (Phoenix),States agree on plan to make water last,FALSE,9-Dec-07,2007,0,0,3,16,0,0,0,0,0,0,0,0,0,0,1,0,0,0,0,0
480,USGS501-550.docx,The Coolidge Examiner (AZ),Cook finds new panel to approve $20M for Pinal farmers,TRUE,12-Mar-19,2019,0,0,2,7,0,0,0,1,0,0,2,0,0,0,0,0,0,0,0,0
481,USGS501-550.docx,Arizona Daily Star (Tucson),"Beavers return to delta after water release 'Farming nature' helps restore birds, trees in Colorado Delta",FALSE,23-Oct-16,2016,0,0,4,0,2,0,0,0,0,0,2,0,0,0,0,0,1,0,0,0
482,USGS501-550.docx,The Eloy Enterprise (AZ),Cook finds new panel to approve $20M for Pinal farmers,TRUE,12-Mar-19,2019,0,0,2,7,0,0,0,1,0,0,2,0,0,0,0,0,0,0,0,0
483,USGS501-550.docx,Maricopa Monitor (AZ),Pinal County farmers resist abrupt cutoff of Colorado River water,TRUE,9-Oct-18,2018,0,0,3,8,0,0,0,0,0,0,2,0,0,0,0,0,0,0,0,0
484,USGS501-550.docx,"Florence Reminder and Blade-Tribune (Coolidge, AZ)",Cook finds new panel to approve $20M for Pinal farmers,TRUE,12-Mar-19,2019,0,0,2,7,0,0,0,1,0,0,2,0,0,0,0,0,0,0,0,0
485,USGS501-550.docx,The Eloy Enterprise (AZ),Pinal County farmers resist abrupt cutoff of Colorado River water,TRUE,9-Oct-18,2018,0,0,3,8,0,0,0,0,0,0,2,0,0,0,0,0,0,0,0,0
486,USGS501-550.docx,"Journal, The (Cortez, Dolores, Mancos, CO)",Colorado land buys raise water speculation fears,FALSE,5-Mar-18,2018,0,0,2,1,0,0,0,0,0,0,14,0,1,0,0,0,0,0,0,0
487,USGS501-550.docx,The Arizona Republic (Phoenix),"Follow the money; Overflowing with flaws, legislators should say yes and no",FALSE,20-Jan-19,2019,0,0,2,5,0,0,0,2,0,0,0,0,0,0,0,0,0,0,0,0
488,USGS501-550.docx,Associated Press State & Local,Cities hope to build reservoir near Holy Cross Wilderness,FALSE,13-Sep-20,2020,0,0,4,2,1,0,0,1,0,0,1,0,0,0,2,0,0,0,0,1
489,USGS501-550.docx,The Durango Herald (Colorado),"For enviro groups, Gold King spill intensifies mission",FALSE,16-Dec-15,2015,6,0,2,0,0,0,0,0,0,0,0,0,0,0,0,0,0,0,0,5
490,USGS501-550.docx,The Arizona Republic (Phoenix),A blue revolution,TRUE,27-Oct-15,2015,0,0,1,4,1,0,0,0,0,0,0,0,0,0,0,0,0,0,0,0
491,USGS501-550.docx,The Durango Herald (Colorado),2018: A review of the news in La Plata County,FALSE,28-Dec-18,2018,0,0,1,3,0,0,0,0,0,0,1,0,0,0,2,0,0,0,0,1
492,USGS501-550.docx,The Arizona Republic (Phoenix),A blue revolution,TRUE,27-Oct-15,2015,0,0,1,4,1,0,0,0,0,0,0,0,0,0,0,0,0,0,0,0
493,USGS501-550.docx,Associated Press State & Local,6 states backed Colorado River plan; Arizona faces deadline,TRUE,28-Jan-19,2019,0,0,1,11,0,0,0,1,0,0,3,0,0,0,0,0,0,0,0,0
494,USGS501-550.docx,The Associated Press,6 states backed Colorado River plan; Arizona faces deadline,TRUE,28-Jan-19,2019,0,0,1,11,0,0,0,1,0,0,3,0,0,0,0,0,0,0,0,0
495,USGS501-550.docx,Arizona Daily Star (Tucson),CAP shortage declared,FALSE,17-Aug-21,2021,1,0,0,8,0,0,0,0,0,0,2,0,0,0,0,0,1,1,0,0
496,USGS501-550.docx,The Associated Press,APNewsBreak: Another rare fish pulled back from extinction,TRUE,4-Oct-18,2018,0,0,3,2,3,0,0,0,0,0,0,0,0,0,24,0,0,0,0,0
497,USGS501-550.docx,Associated Press State & Local,APNewsBreak: Another rare fish pulled back from extinction,TRUE,4-Oct-18,2018,0,0,3,2,3,0,0,0,0,0,0,0,0,0,24,0,0,0,0,0
498,USGS501-550.docx,Arizona Daily Star (Tucson),"AZ drought plan to spread the pain among developers, farms, cities, tribes",FALSE,3-Feb-19,2019,1,0,1,18,0,0,0,0,0,0,2,0,0,0,0,0,0,0,0,0
499,USGS501-550.docx,The Associated Press State & Local Wire,Feds to release preferred plan for Colorado River use,FALSE,7-Jun-07,2007,0,0,1,4,0,0,0,0,0,0,0,0,0,0,0,0,0,0,0,0
500,USGS501-550.docx,"Eastern Arizona Courier (Safford, Arizona)","Legislature, Ducey OK state drought plan",FALSE,31-Jan-19,2019,1,0,1,3,0,0,0,0,0,0,2,0,0,0,0,0,0,0,0,0
501,USGS51-100.docx,The Durango Herald (Colorado),This tiny plant shapes the Colorado River,FALSE,25-Feb-18,2018,1,0,2,1,0,0,0,0,0,0,6,0,0,0,4,0,0,0,0,0
502,USGS51-100.docx,Arizona Daily Star (Tucson),Drought next doorhas Ariz. on edge ; Leaders fear California will talk feds into diverting water,FALSE,28-Jun-15,2015,0,0,3,7,0,0,0,0,0,0,4,0,0,0,0,0,0,0,0,0
503,USGS51-100.docx,Casa Grande Dispatch (AZ),Whats happening now with Colorado River drought plans?; Arizona did and didnt meet the deadline,FALSE,10-Feb-19,2019,0,0,1,12,0,0,0,0,0,0,0,0,0,0,0,0,0,0,0,0
504,USGS51-100.docx,Summit Daily News (Colorado),Summit County's State of the River event shows how Colorado leaders are working to protect dwindling water resources,FALSE,28-May-22,2022,1,0,0,3,0,0,1,1,0,0,5,0,0,0,0,0,0,0,0,0
505,USGS51-100.docx,"Rio Blanco Herald Times (Meeker, Colorado)",Second annual White River Water Expo draws 100+,FALSE,23-Jan-20,2020,0,0,11,4,0,0,0,0,0,0,4,0,0,0,0,0,0,0,2,0
506,USGS51-100.docx,The Arizona Republic (Phoenix),Our tribe should be able to lease water in Arizona,FALSE,6-Jan-22,2022,1,0,0,5,0,0,0,0,0,0,3,0,0,0,0,0,0,0,0,0
507,USGS51-100.docx,The Arizona Republic (Phoenix),"Arizona tribes seek to lease, conserve river water",FALSE,14-Dec-21,2021,0,0,3,8,0,0,0,1,0,0,5,0,0,0,0,0,0,0,0,0
508,USGS51-100.docx,Arizona Daily Star (Tucson),"On water, 3 states may be in for a jolt",FALSE,26-Dec-21,2021,0,0,3,2,0,0,0,0,0,0,8,0,0,0,0,0,1,0,0,0
509,USGS51-100.docx,The Arizona Republic (Phoenix),Framework emerges of proposed water deal; States seek to sustain Colorado River reservoirs,FALSE,11-Oct-18,2018,1,0,1,5,0,0,0,0,0,0,2,0,0,0,0,0,0,0,0,0
510,USGS51-100.docx,Roswell Daily Record (New Mexico),Local officials plan to address Carlsbad's water request,FALSE,10-Apr-21,2021,0,0,0,9,0,0,0,1,0,0,4,0,0,0,0,0,0,0,0,0
511,USGS51-100.docx,The Arizona Republic (Phoenix),Colorado River water deal aids U.S. and Mexico,FALSE,21-Dec-10,2010,0,0,0,8,0,0,0,1,0,0,2,0,0,0,0,0,0,0,0,0
512,USGS51-100.docx,"Mohave Valley Daily News (Bullhead City, Arizona)",Colorado River Basin states agree on drought contingency plans,FALSE,10-Oct-18,2018,0,0,0,6,0,0,0,0,0,0,0,0,0,0,0,0,0,0,0,0
513,USGS51-100.docx,The Salt Lake Tribune,How a tiny fish is helping Utah and the West tackle big questions about the Colorado Rivers future,FALSE,29-Jul-20,2020,0,0,3,2,0,0,0,0,0,0,4,0,0,0,8,0,1,0,0,1
514,USGS51-100.docx,The Salt Lake Tribune,Arizona Sen. McSally promises swift action on Colorado River drought plan,FALSE,31-Mar-19,2019,0,0,2,9,0,0,0,0,0,0,0,0,0,0,0,0,0,0,0,0
515,USGS51-100.docx,The Associated Press State & Local Wire,Navajos focus on Little Colorado River settlement,FALSE,28-Aug-11,2011,1,0,0,0,0,0,0,1,0,0,8,0,0,0,0,0,0,0,0,0
516,USGS51-100.docx,The Salt Lake Tribune,"St. George not the reason for water shortages on Colorado River, Mitt Romney says",FALSE,26-Oct-21,2021,1,0,0,4,0,0,0,0,0,0,6,0,0,0,0,0,0,0,0,0
517,USGS51-100.docx,"The Sun (Yuma, Arizona)",Civil engineer: Lake Mead water conservation efforts are working,FALSE,16-Feb-20,2020,0,0,5,10,0,0,0,0,0,0,0,0,0,0,0,0,1,1,0,0
518,USGS51-100.docx,The Associated Press,Arizona Sen. McSally promises swift action on drought plan,FALSE,27-Mar-19,2019,0,0,3,9,0,0,0,0,0,0,0,0,0,0,0,0,0,0,0,0
519,USGS51-100.docx,"Rio Blanco Herald Times (Meeker, Colorado)",These hay fields know something we don't: how to save the Colorado River,FALSE,15-Oct-20,2020,0,0,6,7,0,0,0,0,0,0,0,0,0,0,0,0,0,0,0,0
520,USGS51-100.docx,Deseret Morning News (Salt Lake City),Navajos focus on river settlement,FALSE,28-Aug-11,2011,1,0,0,0,0,0,0,1,0,0,7,0,0,0,0,0,0,0,0,0
521,USGS51-100.docx,"Sky-Hi News (Granby, Colorado)",Glenwood Springs secures water right for whitewater parks,FALSE,7-Apr-22,2022,0,0,4,0,0,0,0,0,0,0,10,0,0,0,0,0,1,0,0,0
522,USGS51-100.docx,The Durango Herald (Colorado),"Once a source of fresh water, Hermosa Creek now threatens Animas River; Researchers to track recovery of waterways hurt by fire",FALSE,24-Apr-19,2019,8,0,0,0,0,0,0,0,0,0,0,0,0,0,6,0,0,0,0,10
523,USGS51-100.docx,The Gallup Independent (New Mexico),"Navajo, Hopi renew water rights settlement",FALSE,9-Apr-16,2016,0,0,0,0,0,0,0,0,0,0,12,0,0,0,0,0,0,0,0,0
524,USGS51-100.docx,Deseret Morning News (Salt Lake City),The fight for water: Here's why the West's oldest battle could hit you at the tap,FALSE,12-May-12,2012,1,1,2,7,0,0,0,1,0,0,1,0,0,0,0,1,0,0,0,0
525,USGS51-100.docx,The Gallup Independent (New Mexico),Begaye calls for increase access to water for Navajo people,FALSE,19-Dec-18,2018,0,0,0,4,0,0,0,5,0,0,5,0,0,0,0,0,0,0,0,0
526,USGS51-100.docx,The Gallup Independent (New Mexico),Hopi Council discusses water rights strategy,FALSE,21-May-16,2016,1,0,0,0,0,0,0,0,0,0,7,0,0,0,0,0,0,0,0,0
527,USGS51-100.docx,The Salt Lake Tribune,"Utah, six other thirsty western states cut a Colorado River use deal",FALSE,14-Dec-07,2007,0,0,0,6,0,0,0,0,0,0,4,0,0,0,0,0,0,0,0,0
528,USGS51-100.docx,"North County Times (Escondido, California)",2007 not a good year for California's water supplies,FALSE,28-Dec-07,2007,0,0,1,11,0,0,0,0,0,0,0,0,0,0,5,1,0,0,0,0
529,USGS51-100.docx,The Arizona Republic (Phoenix),No fightin' words: States work as one on water,FALSE,14-Dec-14,2014,0,0,2,5,0,0,0,0,0,0,4,0,0,0,0,0,0,0,0,0
530,USGS51-100.docx,The Arizona Republic (Phoenix),"STATE PRESSED ON WATER DEAL; TRIBE, WEARY OF INACTION, HOLDS COURT-DECISION TRUMP CARD",FALSE,27-Aug-07,2007,1,0,0,2,0,0,0,3,0,0,6,0,0,0,0,0,0,0,0,0
531,USGS51-100.docx,"The Explorer (Tucson, Arizona)",Arizona must plan ahead to keep rivers and taps flowing,FALSE,17-Oct-18,2018,0,0,0,7,0,0,0,0,0,0,0,0,0,0,0,0,0,0,0,0
532,USGS51-100.docx,The Salt Lake Tribune,Why water experts want Utahns to be 'the lone weirdo' when it comes to xeriscaping,FALSE,7-May-22,2022,0,0,6,4,0,0,0,0,0,0,0,0,0,0,0,0,0,0,0,0
533,USGS51-100.docx,Arizona Daily Star (Tucson),Study: Only severe water cuts can protect critical reservoirs,FALSE,21-Feb-21,2021,1,0,2,6,0,0,0,0,0,0,5,0,1,0,0,0,0,0,0,0
534,USGS51-100.docx,The Montrose Daily Press (Colorado),Colorado River drought plan wins approval,FALSE,9-Apr-19,2019,0,0,2,13,0,0,0,0,0,0,0,0,0,0,0,0,0,0,0,0
535,USGS51-100.docx,The Salt Lake Tribune,Lake Powell pipeline plans to tap water promised to the Utes. Why the tribe sees it as yet another racially based scheme.,FALSE,13-Jun-21,2021,0,0,1,0,0,0,0,1,0,0,7,0,1,0,0,0,0,0,0,0
536,USGS51-100.docx,The Arizona Republic (Phoenix),Ducey: Why I put $30M into water plan,FALSE,13-Dec-18,2018,0,0,0,6,0,0,0,0,0,0,0,0,0,0,0,0,0,0,0,0
537,USGS51-100.docx,Deseret Morning News (Salt Lake City),No drought plan for Colorado River? Feds will now craft their own,FALSE,2-Feb-19,2019,0,0,0,9,0,0,0,0,0,0,2,0,0,0,0,0,0,0,0,0
538,USGS51-100.docx,Delta County Independent (Colorado),Western Slope braces for Blue Mesa Reservoir drawdown,FALSE,23-Jul-21,2021,0,0,0,9,0,0,0,0,0,0,0,0,0,0,1,0,0,0,0,0
539,USGS51-100.docx,Casa Grande Dispatch (AZ),Arizona water rights in peril due to shrinking Lake Mead,FALSE,28-Jun-17,2017,0,0,5,5,0,0,0,0,0,0,3,0,0,0,0,0,0,0,0,0
540,USGS51-100.docx,Craig Daily Press (Colorado),Colorado River connectivity channel gets go-ahead after environmental assessment,FALSE,17-May-22,2022,0,0,7,0,0,0,0,0,0,0,3,0,0,0,2,0,5,1,0,0
541,USGS51-100.docx,The Arizona Republic (Phoenix),Meeting on river cutbacks canceled; Committee still aims to finish plan by November,FALSE,26-Oct-18,2018,1,0,3,7,0,0,0,0,0,0,4,0,0,0,0,0,0,0,0,0
542,USGS51-100.docx,"Journal, The (Cortez, Dolores, Mancos, CO)",Glenwood Springs granted right to build whitewater parks after 9 years in water court,FALSE,11-Apr-22,2022,1,0,5,0,0,0,0,0,0,0,6,0,0,0,0,0,2,0,1,0
543,USGS51-100.docx,The Salt Lake Tribune (Utah),7 thirsty states cut a deal,FALSE,14-Dec-07,2007,0,0,0,6,0,0,0,0,0,0,4,0,0,0,0,0,0,0,0,0
544,USGS51-100.docx,The Arizona Republic (Phoenix),A Major Revenuestream; Investors are buying up rural Arizona farmland to sell its water. Some say it's a problem,FALSE,12-Dec-21,2021,0,0,4,5,0,0,0,2,0,0,15,0,6,0,0,0,0,0,0,0
545,USGS51-100.docx,"The Sun (Yuma, Arizona)",Not enough water in the Colorado River to go around,FALSE,25-May-13,2013,1,0,1,10,0,0,0,0,0,0,3,0,0,0,0,0,0,0,0,0
546,USGS51-100.docx,"The Sun (Yuma, Arizona)",Taming the Colorado: How dams allow Yuma to flourish,FALSE,24-Jan-16,2016,0,0,0,2,2,0,0,0,0,0,2,0,0,0,0,0,2,0,0,0
547,USGS51-100.docx,"Rio Blanco Herald Times (Meeker, Colorado)",So what if its the White River; is there anyone who really cares?,FALSE,26-Nov-15,2015,0,0,0,1,0,0,0,0,0,0,4,0,0,0,0,0,0,0,0,0
548,USGS51-100.docx,Casa Grande Dispatch (AZ),Grijalva calls for 'comprehensive' plan for lower water levels in basin; COLORADO RIVER,FALSE,19-Oct-21,2021,1,0,7,5,0,0,0,0,0,0,2,0,0,0,0,0,0,0,0,0
549,USGS51-100.docx,The Associated Press State & Local Wire,Navajo lawmakers approve water rights settlement,FALSE,5-Nov-10,2010,0,0,0,0,0,0,0,2,0,0,6,0,0,0,0,0,0,0,0,0
550,USGS51-100.docx,The Arizona Republic (Phoenix),First-ever cutbacks on water; Colorado River cuts to take effect next year,FALSE,16-Aug-19,2019,0,0,3,6,0,0,0,1,0,0,2,0,0,0,0,0,0,0,0,0
551,USGS551-600.docx,The Arizona Republic (Phoenix),Officials hopeful on Colorado River deal,TRUE,29-Sep-18,2018,1,0,1,2,0,0,0,0,0,0,3,0,0,0,0,0,0,0,0,0
552,USGS551-600.docx,The Arizona Republic (Phoenix),Officials hopeful on Colorado River deal,TRUE,29-Sep-18,2018,1,0,1,2,0,0,0,0,0,0,3,0,0,0,0,0,0,0,0,0
553,USGS551-600.docx,The Arizona Republic (Phoenix),Where to find some of the best BIRDING in Arizona,TRUE,23-Apr-22,2022,0,1,1,1,0,0,0,0,0,0,0,0,0,0,4,1,0,0,0,1
554,USGS551-600.docx,The Arizona Republic (Phoenix),"Questions unresolved in state drought plan; As deadline nears, lawmakers prepare to take up river plan",TRUE,12-Jan-19,2019,1,0,2,7,0,0,0,3,0,0,2,0,0,0,0,0,0,0,0,0
555,USGS551-600.docx,The Arizona Republic (Phoenix),NORTON RULES FOR LOWER BASIN IN COLORADO RIVER ALLOCATION /A VICTORY FOR ARIZONA;POWELL PORTION WILL FLOW TO LAKE MEAD,TRUE,3-May-05,2005,0,0,0,9,0,0,0,0,0,0,0,0,0,0,0,0,0,0,0,0
556,USGS551-600.docx,The Arizona Republic (Phoenix),Water reduction hits central Ariz. growers; Colorado River shortage leads to shrinking farms,TRUE,4-Jan-22,2022,1,0,0,3,1,0,0,1,0,0,2,0,0,0,0,0,0,0,0,0
557,USGS551-600.docx,Casa Grande Dispatch (AZ),Miller: Colorado River drought plan needs to protect farmers,TRUE,14-Dec-17,2017,0,0,0,17,0,0,0,0,0,0,2,0,0,0,0,0,0,0,0,0
558,USGS551-600.docx,The Salt Lake Tribune,"Only 25 years ago, draining Lake Powell was dismissed as 'looney' - then the megadrought started",TRUE,18-May-22,2022,0,0,0,3,0,0,0,0,0,0,0,0,0,0,1,0,0,0,0,0
559,USGS551-600.docx,Arizona Daily Star (Tucson),Pinal County water battle endangers new plan for Colorado River allotment,TRUE,4-Nov-18,2018,0,0,0,9,0,0,0,0,0,0,2,0,0,0,0,0,0,0,0,0
560,USGS551-600.docx,Seattle Times (Washington),Storm sensors sought for Green River flood forecasts,TRUE,15-Oct-09,2009,0,0,0,0,0,0,0,0,0,0,0,0,0,0,0,0,0,0,0,0
561,USGS551-600.docx,The Arizona Republic (Phoenix),Deluge to bring wetlands back,TRUE,15-Mar-14,2014,1,0,5,4,8,0,0,0,0,0,0,0,0,0,1,0,0,0,0,0
562,USGS551-600.docx,Arizona Daily Star (Tucson),Study warns of less Colorado River water,TRUE,22-Feb-07,2007,1,0,3,3,0,0,0,0,0,0,3,0,0,0,0,0,0,0,0,0
563,USGS551-600.docx,Casa Grande Dispatch (AZ),Lawmakers: Gov. cant pressure us to make deal,TRUE,16-Jan-19,2019,0,0,0,4,0,0,0,0,0,0,3,0,0,0,0,0,0,0,0,0
564,USGS551-600.docx,"Sky-Hi News (Granby, Colorado)","In Kawuneeche Valley, beavers are on the return",TRUE,28-Mar-22,2022,3,0,1,2,2,0,0,0,0,0,0,0,0,0,0,0,0,0,0,0
565,USGS551-600.docx,Burlington Record (Colorado),"From Western Slope to Eastern Plains, Colorado agriculture under pressure to adapt to warming world",TRUE,20-Sep-21,2021,1,0,3,20,0,0,0,0,0,0,1,0,0,0,2,0,0,0,0,0
566,USGS551-600.docx,Brush News Tribune (Colorado),"From Western Slope to Eastern Plains, Colorado agriculture under pressure to adapt to warming world",TRUE,19-Sep-21,2021,1,0,3,20,0,0,0,0,0,0,1,0,0,0,2,0,0,0,0,0
567,USGS551-600.docx,"Journal-Advocate (Sterling, Colorado)","From Western Slope to Eastern Plains, Colorado agriculture under pressure to adapt to warming world",TRUE,19-Sep-21,2021,1,0,3,20,0,0,0,0,0,0,1,0,0,0,2,0,0,0,0,0
568,USGS551-600.docx,The Durango Herald (Colorado),"What will it take to get Superfund status in Silverton?; After Gold King Mine disaster, many Silverton residents still oppose it because of stigma",TRUE,15-Aug-15,2015,1,0,1,0,0,0,0,0,0,0,0,0,0,0,2,0,0,0,0,0
569,USGS551-600.docx,Fort Morgan Times (Colorado),"From Western Slope to Eastern Plains, Colorado agriculture under pressure to adapt to warming world",TRUE,19-Sep-21,2021,1,0,3,20,0,0,0,0,0,0,1,0,0,0,2,0,0,0,0,0
570,USGS551-600.docx,Lamar Ledger (Colorado),"From Western Slope to Eastern Plains, Colorado agriculture under pressure to adapt to warming world",TRUE,19-Sep-21,2021,1,0,3,20,0,0,0,0,0,0,1,0,0,0,2,0,0,0,0,0
571,USGS551-600.docx,"The Daily Record (Canon City, Colorado)","From Western Slope to Eastern Plains, Colorado agriculture under pressure to adapt to warming world",TRUE,19-Sep-21,2021,1,0,3,20,0,0,0,0,0,0,1,0,0,0,2,0,0,0,0,0
572,USGS551-600.docx,The Arizona Republic (Phoenix),Colorado River drought plan clears a pair of early hurdles in Congress,TRUE,29-Mar-19,2019,1,0,1,8,0,0,0,0,0,0,2,0,0,0,0,0,0,0,0,0
573,USGS551-600.docx,Arizona Daily Star (Tucson),The cost of latest CAP cut,TRUE,6-Dec-21,2021,0,0,6,7,0,0,0,0,0,0,0,0,0,0,0,0,0,0,0,0
574,USGS551-600.docx,Arizona Daily Star (Tucson),Lawmakers optimistic about passing Arizona drought plan,TRUE,13-Jan-19,2019,1,0,0,10,0,0,0,2,0,0,2,0,0,0,0,0,0,0,0,0
575,USGS551-600.docx,The Salt Lake Tribune,Utah gives green light to nuclear power plant,TRUE,22-Jan-12,2012,0,0,0,3,0,0,0,0,0,0,3,0,0,0,5,0,0,0,0,0
576,USGS551-600.docx,The Salt Lake Tribune,Utah gives green light to nuclear power plant,TRUE,22-Jan-12,2012,0,0,0,3,0,0,0,0,0,0,3,0,0,0,5,0,0,0,0,0
577,USGS551-600.docx,The Durango Herald (Colorado),Saving great landscapes of the American West; Conservation Lands Foundation promotes grassroots approach to protecting lands,TRUE,10-Jul-21,2021,0,0,47,0,0,0,0,0,0,0,0,0,0,0,8,0,0,0,0,0
578,USGS551-600.docx,The Arizona Republic (Phoenix),TOUGH PATH FOR GRIJALVA;CONGRESSMAN FOUGHT TO RETURN LAND TO INDIANS,TRUE,5-Dec-05,2005,0,0,0,0,0,0,0,0,0,0,3,0,0,0,0,0,0,0,0,0
579,USGS551-600.docx,Arizona Daily Star (Tucson),"From territory to statehood: Leaders, citizens & rogues",TRUE,13-Feb-11,2011,0,0,0,1,0,0,0,0,0,0,0,0,0,0,4,0,0,0,0,0
580,USGS551-600.docx,Associated Press State & Local,Environmentalists grapple with compromise on Colorado river,TRUE,17-Dec-16,2016,0,0,7,0,0,0,0,0,0,0,5,0,0,0,2,0,5,0,0,0
581,USGS551-600.docx,The Arizona Republic (Phoenix),100 BEST THINGS ABOUT ARIZONA,TRUE,2-Oct-11,2011,0,0,2,2,1,0,0,0,0,0,0,0,0,0,1,0,0,0,0,0
582,USGS601-631.docx,The Arizona Republic (Phoenix),Officials hopeful on Colorado River deal,TRUE,29-Sep-18,2018,1,0,1,2,0,0,0,0,0,0,3,0,0,0,0,0,0,0,0,0
583,USGS601-631.docx,The Arizona Republic (Phoenix),Officials hopeful on Colorado River deal,TRUE,29-Sep-18,2015,1,0,1,2,0,0,0,0,0,0,3,0,0,0,0,0,0,0,0,0
584,USGS601-631.docx,The Arizona Republic (Phoenix),Where to find some of the best BIRDING in Arizona,TRUE,23-Apr-22,2022,0,1,1,1,0,0,0,0,0,0,0,0,0,0,4,1,0,0,0,1
585,USGS601-631.docx,The Arizona Republic (Phoenix),"Questions unresolved in state drought plan; As deadline nears, lawmakers prepare to take up river plan",TRUE,12-Jan-19,2019,1,0,2,7,0,0,0,3,0,0,2,0,0,0,0,0,0,0,0,0
586,USGS601-631.docx,The Arizona Republic (Phoenix),NORTON RULES FOR LOWER BASIN IN COLORADO RIVER ALLOCATION /A VICTORY FOR ARIZONA;POWELL PORTION WILL FLOW TO LAKE MEAD,TRUE,3-May-05,2005,0,0,0,9,0,0,0,0,0,0,0,0,0,0,0,0,0,0,0,0
587,USGS601-631.docx,The Arizona Republic (Phoenix),Water reduction hits central Ariz. growers; Colorado River shortage leads to shrinking farms,TRUE,4-Jan-22,2022,1,0,0,3,1,0,0,1,0,0,2,0,0,0,0,0,0,0,0,0
588,USGS601-631.docx,Casa Grande Dispatch (AZ),Miller: Colorado River drought plan needs to protect farmers,TRUE,14-Dec-17,2017,0,0,0,17,0,0,0,0,0,0,2,0,0,0,0,0,0,0,0,0
589,USGS601-631.docx,The Salt Lake Tribune,"Only 25 years ago, draining Lake Powell was dismissed as 'looney' - then the megadrought started",TRUE,18-May-22,2022,0,0,0,3,0,0,0,0,0,0,0,0,0,0,1,0,0,0,0,0
590,USGS601-631.docx,Arizona Daily Star (Tucson),Pinal County water battle endangers new plan for Colorado River allotment,TRUE,4-Nov-18,2018,0,0,0,9,0,0,0,0,0,0,2,0,0,0,0,0,0,0,0,0
591,USGS601-631.docx,Seattle Times (Washington),Storm sensors sought for Green River flood forecasts,TRUE,15-Oct-09,2009,0,0,0,0,0,0,0,0,0,0,0,0,0,0,0,0,0,0,0,0
592,USGS601-631.docx,The Arizona Republic (Phoenix),Deluge to bring wetlands back,TRUE,15-Mar-14,2014,1,0,5,4,8,0,0,0,0,0,0,0,0,0,1,0,0,0,0,0
593,USGS601-631.docx,Arizona Daily Star (Tucson),Study warns of less Colorado River water,TRUE,22-Feb-07,2007,1,0,3,3,0,0,0,0,0,0,3,0,0,0,0,0,0,0,0,0
594,USGS601-631.docx,Casa Grande Dispatch (AZ),Lawmakers: Gov. cant pressure us to make deal,TRUE,16-Jan-19,2019,0,0,0,4,0,0,0,0,0,0,3,0,0,0,0,0,0,0,0,0
595,USGS601-631.docx,"Sky-Hi News (Granby, Colorado)","In Kawuneeche Valley, beavers are on the return",TRUE,28-Mar-22,2022,3,0,1,2,2,0,0,0,0,0,0,0,0,0,0,0,0,0,0,0
596,USGS601-631.docx,Burlington Record (Colorado),"From Western Slope to Eastern Plains, Colorado agriculture under pressure to adapt to warming world",TRUE,20-Sep-21,2021,1,0,3,20,0,0,0,0,0,0,1,0,0,0,2,0,0,0,0,0
597,USGS601-631.docx,Brush News Tribune (Colorado),"From Western Slope to Eastern Plains, Colorado agriculture under pressure to adapt to warming world",TRUE,19-Sep-21,2021,1,0,3,20,0,0,0,0,0,0,1,0,0,0,2,0,0,0,0,0
598,USGS601-631.docx,"Journal-Advocate (Sterling, Colorado)","From Western Slope to Eastern Plains, Colorado agriculture under pressure to adapt to warming world",TRUE,19-Sep-21,2021,1,0,3,20,0,0,0,0,0,0,1,0,0,0,2,0,0,0,0,0
599,USGS601-631.docx,The Durango Herald (Colorado),"What will it take to get Superfund status in Silverton?; After Gold King Mine disaster, many Silverton residents still oppose it because of stigma",TRUE,15-Aug-15,2015,1,0,1,0,0,0,0,0,0,0,0,0,0,0,2,0,0,0,0,0
600,USGS601-631.docx,Fort Morgan Times (Colorado),"From Western Slope to Eastern Plains, Colorado agriculture under pressure to adapt to warming world",TRUE,19-Sep-21,2021,1,0,3,20,0,0,0,0,0,0,1,0,0,0,2,0,0,0,0,0
601,USGS601-631.docx,Lamar Ledger (Colorado),"From Western Slope to Eastern Plains, Colorado agriculture under pressure to adapt to warming world",TRUE,19-Sep-21,2021,1,0,3,20,0,0,0,0,0,0,1,0,0,0,2,0,0,0,0,0
602,USGS601-631.docx,"The Daily Record (Canon City, Colorado)","From Western Slope to Eastern Plains, Colorado agriculture under pressure to adapt to warming world",TRUE,19-Sep-21,2021,1,0,3,20,0,0,0,0,0,0,1,0,0,0,2,0,0,0,0,0
603,USGS601-631.docx,The Arizona Republic (Phoenix),Colorado River drought plan clears a pair of early hurdles in Congress,TRUE,29-Mar-19,2019,1,0,1,8,0,0,0,0,0,0,2,0,0,0,0,0,0,0,0,0
604,USGS601-631.docx,Arizona Daily Star (Tucson),The cost of latest CAP cut,TRUE,6-Dec-21,2021,0,0,6,7,0,0,0,0,0,0,0,0,0,0,0,0,0,0,0,0
605,USGS601-631.docx,Arizona Daily Star (Tucson),Lawmakers optimistic about passing Arizona drought plan,TRUE,13-Jan-19,2019,1,0,0,10,0,0,0,2,0,0,2,0,0,0,0,0,0,0,0,0
606,USGS601-631.docx,The Salt Lake Tribune,Utah gives green light to nuclear power plant,TRUE,22-Jan-12,2012,0,0,0,3,0,0,0,0,0,0,3,0,0,0,5,0,0,0,0,0
607,USGS601-631.docx,The Salt Lake Tribune,Utah gives green light to nuclear power plant,TRUE,22-Jan-12,2012,0,0,0,3,0,0,0,0,0,0,3,0,0,0,5,0,0,0,0,0
608,USGS601-631.docx,The Durango Herald (Colorado),Saving great landscapes of the American West; Conservation Lands Foundation promotes grassroots approach to protecting lands,TRUE,10-Jul-21,2021,0,0,47,0,0,0,0,0,0,0,0,0,0,0,8,0,0,0,0,0
609,USGS601-631.docx,The Arizona Republic (Phoenix),TOUGH PATH FOR GRIJALVA;CONGRESSMAN FOUGHT TO RETURN LAND TO INDIANS,TRUE,5-Dec-05,2005,0,0,0,0,0,0,0,0,0,0,3,0,0,0,0,0,0,0,0,0
610,USGS601-631.docx,Arizona Daily Star (Tucson),"From territory to statehood: Leaders, citizens & rogues",TRUE,13-Feb-11,2011,0,0,0,1,0,0,0,0,0,0,0,0,0,0,4,0,0,0,0,0
611,USGS601-631.docx,Associated Press State & Local,Environmentalists grapple with compromise on Colorado river,TRUE,17-Dec-16,2016,0,0,7,0,0,0,0,0,0,0,5,0,0,0,2,0,5,0,0,0
612,USGS601-631.docx,The Arizona Republic (Phoenix),100 BEST THINGS ABOUT ARIZONA,TRUE,2-Oct-11,2011,0,0,2,2,1,0,0,0,0,0,0,0,0,0,1,0,0,0,0,0
